{
  "testInfo": {
    "timestamp": "2025-12-06T20:25:49",
    "modemVersion": "3.00.2.22",
    "standard": "MIL-STD-188-110A"
  },
  "mode": {
    "name": "2400 BPS LONG",
    "bitsPerSecond": 2400,
    "interleave": "LONG",
    "interleaveDurationSeconds": 4.8,
    "modulation": "8-PSK",
    "symbolRate": 2400
  },
  "txPcmFile": {
    "path": "./tx_pcm_out/tx_2400L_20251206_202549_783.pcm",
    "sizeBytes": 940800,
    "sampleCount": 470400,
    "sampleRate": 48000,
    "bitsPerSample": 16,
    "channels": 1,
    "durationSeconds": 9.800
  },
  "testMessage": {
    "lengthBytes": 54,
    "textPreview": "THE QUICK BROWN FOX JUMPS OVER THE LAZY DOG 1234567890"
  },
  "loopbackResult": {
    "enabled": false,
    "decodedBytes": 0,
    "matchingBytes": 0,
    "matchPercent": 0.00,
    "exactMatch": false,
    "decodedPreview": ""
  }
}
