{
  "testInfo": {
    "timestamp": "2025-12-06T20:25:47",
    "modemVersion": "3.00.2.22",
    "standard": "MIL-STD-188-110A"
  },
  "mode": {
    "name": "2400 BPS SHORT",
    "bitsPerSecond": 2400,
    "interleave": "SHORT",
    "interleaveDurationSeconds": 0.6,
    "modulation": "8-PSK",
    "symbolRate": 2400
  },
  "txPcmFile": {
    "path": "./tx_pcm_out/tx_2400S_20251206_202547_345.pcm",
    "sizeBytes": 134400,
    "sampleCount": 67200,
    "sampleRate": 48000,
    "bitsPerSample": 16,
    "channels": 1,
    "durationSeconds": 1.400
  },
  "testMessage": {
    "lengthBytes": 54,
    "textPreview": "THE QUICK BROWN FOX JUMPS OVER THE LAZY DOG 1234567890"
  },
  "loopbackResult": {
    "enabled": false,
    "decodedBytes": 0,
    "matchingBytes": 0,
    "matchPercent": 0.00,
    "exactMatch": false,
    "decodedPreview": ""
  }
}
