{
  "testInfo": {
    "timestamp": "2025-12-06T20:24:21",
    "modemVersion": "3.00.2.22",
    "standard": "MIL-STD-188-110A"
  },
  "mode": {
    "name": "75 BPS LONG",
    "bitsPerSecond": 75,
    "interleave": "LONG",
    "interleaveDurationSeconds": 4.8,
    "modulation": "8-PSK",
    "symbolRate": 2400
  },
  "txPcmFile": {
    "path": "./tx_pcm_out/tx_75L_20251206_202421_539.pcm",
    "sizeBytes": 1728000,
    "sampleCount": 864000,
    "sampleRate": 48000,
    "bitsPerSample": 16,
    "channels": 1,
    "durationSeconds": 18.000
  },
  "testMessage": {
    "lengthBytes": 54,
    "textPreview": "THE QUICK BROWN FOX JUMPS OVER THE LAZY DOG 1234567890"
  },
  "loopbackResult": {
    "enabled": false,
    "decodedBytes": 0,
    "matchingBytes": 0,
    "matchPercent": 0.00,
    "exactMatch": false,
    "decodedPreview": ""
  }
}
